customer_id,signup_date,state,age_group,customer_segment,risk_tier
CUST00001,2024-10-16,TX,25-34,Standard,Medium
CUST00002,2023-05-23,CO,55+,Premium,Low
CUST00003,2023-03-31,NY,25-34,Standard,Low
CUST00004,2023-08-27,TX,55+,Standard,Low
CUST00005,2024-03-05,OH,18-24,Standard,Low
CUST00006,2025-02-16,WA,35-44,Premium,Low
CUST00007,2023-06-09,NY,18-24,Standard,Medium
CUST00008,2024-01-25,NC,35-44,Standard,Medium
CUST00009,2025-04-06,NY,45-54,Standard,Low
CUST00010,2023-03-22,NC,35-44,Standard,Medium
CUST00011,2024-08-14,VA,25-34,Standard,Low
CUST00012,2025-03-02,TX,18-24,Standard,Low
CUST00013,2024-01-25,WA,25-34,Standard,Low
CUST00014,2024-01-15,NJ,18-24,Standard,Low
CUST00015,2024-09-15,TX,25-34,Standard,Low
CUST00016,2024-04-18,VA,55+,Standard,High
CUST00017,2023-08-13,OH,18-24,Premium,Medium
CUST00018,2023-08-23,IL,35-44,Premium,Medium
CUST00019,2023-03-09,CO,35-44,Standard,High
CUST00020,2023-08-06,CO,45-54,Premium,Low
CUST00021,2023-05-27,GA,55+,Standard,Low
CUST00022,2023-09-27,NC,45-54,Premium,Low
CUST00023,2024-01-06,GA,45-54,Standard,High
CUST00024,2023-04-04,CA,25-34,Premium,Medium
CUST00025,2025-03-22,IL,45-54,Premium,Low
CUST00026,2024-09-02,GA,18-24,Small Business,Low
CUST00027,2024-11-27,GA,35-44,Premium,Low
CUST00028,2025-02-26,IL,25-34,Standard,Low
CUST00029,2024-04-09,NJ,35-44,Standard,Medium
CUST00030,2024-05-27,NY,35-44,Premium,Low
CUST00031,2024-10-16,WA,25-34,Standard,Low
CUST00032,2024-07-06,CO,18-24,Small Business,Medium
CUST00033,2024-09-05,CO,35-44,Standard,Low
CUST00034,2025-04-06,CO,55+,Standard,Low
CUST00035,2023-03-22,NY,55+,Standard,Low
CUST00036,2025-02-23,GA,25-34,Standard,Low
CUST00037,2023-09-29,TX,55+,Standard,Low
CUST00038,2025-02-12,FL,45-54,Premium,Low
CUST00039,2024-11-18,GA,45-54,Standard,Low
CUST00040,2023-05-04,MA,55+,Standard,Low
CUST00041,2024-07-21,NY,18-24,Standard,Low
CUST00042,2023-08-23,WA,18-24,Standard,Low
CUST00043,2024-06-10,TX,55+,Standard,Low
CUST00044,2023-05-16,NC,45-54,Premium,Medium
CUST00045,2023-09-06,TX,18-24,Premium,Medium
CUST00046,2023-04-10,IL,45-54,Premium,Low
CUST00047,2025-01-16,VA,18-24,Standard,Low
CUST00048,2023-03-04,AZ,18-24,Standard,Low
CUST00049,2023-09-12,CA,45-54,Standard,Low
CUST00050,2023-07-07,CO,18-24,Standard,Low
CUST00051,2024-03-29,NY,18-24,Premium,Medium
CUST00052,2024-10-29,NY,25-34,Small Business,Medium
CUST00053,2023-06-20,AZ,45-54,Standard,Low
CUST00054,2023-03-02,IL,35-44,Standard,Low
CUST00055,2025-03-13,NJ,55+,Premium,Low
CUST00056,2024-11-08,FL,25-34,Premium,Low
CUST00057,2023-03-01,NJ,35-44,Standard,Low
CUST00058,2023-02-28,CO,55+,Standard,Low
CUST00059,2023-06-11,AZ,25-34,Standard,Low
CUST00060,2023-03-12,TX,45-54,Standard,Low
CUST00061,2023-05-03,NC,55+,Small Business,Low
CUST00062,2023-02-10,NC,55+,Standard,Low
CUST00063,2024-06-19,VA,35-44,Standard,Low
CUST00064,2023-09-02,VA,35-44,Standard,Low
CUST00065,2024-04-13,NY,18-24,Standard,Medium
CUST00066,2024-04-14,NY,18-24,Standard,Low
CUST00067,2024-07-04,CO,35-44,Standard,Low
CUST00068,2023-03-12,CA,45-54,Premium,Low
CUST00069,2024-07-10,OH,55+,Premium,Low
CUST00070,2023-01-09,CO,18-24,Premium,Low
CUST00071,2023-05-18,NJ,55+,Standard,Medium
CUST00072,2023-06-09,NJ,35-44,Standard,Low
CUST00073,2023-07-28,GA,45-54,Premium,Medium
CUST00074,2023-09-15,NY,45-54,Small Business,Medium
CUST00075,2025-04-29,OH,25-34,Standard,Low
CUST00076,2024-10-14,PA,55+,Small Business,Low
CUST00077,2024-12-23,NY,25-34,Standard,Low
CUST00078,2024-07-12,GA,25-34,Standard,Low
CUST00079,2024-03-16,CO,18-24,Standard,Low
CUST00080,2024-01-02,NY,35-44,Standard,Low
CUST00081,2025-03-09,NC,25-34,Standard,Medium
CUST00082,2023-08-31,OH,25-34,Premium,High
CUST00083,2024-02-27,WA,45-54,Standard,Medium
CUST00084,2025-04-01,TX,35-44,Premium,Medium
CUST00085,2023-06-13,AZ,18-24,Premium,Low
CUST00086,2024-04-26,PA,35-44,Standard,Medium
CUST00087,2023-11-09,TX,18-24,Premium,Medium
CUST00088,2024-11-06,AZ,18-24,Standard,Low
CUST00089,2025-03-02,IL,55+,Standard,Low
CUST00090,2023-12-06,FL,25-34,Small Business,Low
CUST00091,2024-08-17,NY,55+,Small Business,Low
CUST00092,2024-03-20,IL,55+,Standard,Medium
CUST00093,2024-06-07,TX,35-44,Standard,Medium
CUST00094,2023-02-15,CO,55+,Premium,Low
CUST00095,2024-12-04,VA,25-34,Premium,Medium
CUST00096,2024-01-08,CO,35-44,Standard,High
CUST00097,2024-09-30,NJ,35-44,Standard,Medium
CUST00098,2024-06-03,IL,35-44,Standard,Low
CUST00099,2024-07-21,IL,25-34,Standard,Low
CUST00100,2024-09-22,AZ,18-24,Standard,Low
CUST00101,2023-11-08,NC,55+,Standard,Low
CUST00102,2024-11-01,VA,25-34,Standard,Low
CUST00103,2024-06-07,OH,25-34,Standard,Medium
CUST00104,2024-11-05,VA,55+,Standard,Low
CUST00105,2023-12-10,TX,35-44,Standard,High
CUST00106,2023-08-19,MA,25-34,Premium,Low
CUST00107,2024-05-01,PA,45-54,Standard,Medium
CUST00108,2024-10-06,IL,45-54,Standard,Medium
CUST00109,2024-02-14,MA,18-24,Standard,Low
CUST00110,2025-03-08,NJ,55+,Standard,Low
CUST00111,2024-04-20,AZ,18-24,Standard,Low
CUST00112,2024-04-12,GA,55+,Standard,Low
CUST00113,2024-09-01,PA,55+,Standard,Medium
CUST00114,2025-04-14,AZ,55+,Premium,Low
CUST00115,2024-04-01,PA,45-54,Premium,Medium
CUST00116,2023-09-23,FL,55+,Premium,Medium
CUST00117,2024-05-11,NY,35-44,Standard,Low
CUST00118,2023-08-29,GA,18-24,Standard,Low
CUST00119,2023-05-22,CA,25-34,Standard,Low
CUST00120,2023-03-07,PA,45-54,Standard,Low
CUST00121,2023-03-05,CO,55+,Standard,Low
CUST00122,2024-12-13,NC,45-54,Standard,Medium
CUST00123,2024-05-03,OH,45-54,Standard,Low
CUST00124,2024-03-05,OH,55+,Standard,Medium
CUST00125,2023-08-14,PA,18-24,Standard,Low
CUST00126,2024-02-03,IL,25-34,Standard,Low
CUST00127,2024-04-23,GA,18-24,Small Business,High
CUST00128,2024-02-08,NY,45-54,Standard,Low
CUST00129,2023-05-19,FL,45-54,Premium,Low
CUST00130,2023-12-02,OH,45-54,Standard,Low
CUST00131,2023-10-12,FL,18-24,Premium,Medium
CUST00132,2024-04-26,WA,25-34,Standard,Low
CUST00133,2024-10-27,MA,18-24,Standard,High
CUST00134,2023-09-11,CA,25-34,Standard,Low
CUST00135,2023-05-10,TX,45-54,Standard,Low
CUST00136,2024-12-17,NC,55+,Standard,Low
CUST00137,2025-02-04,CA,35-44,Premium,Medium
CUST00138,2023-04-21,NC,45-54,Standard,Medium
CUST00139,2024-02-11,NC,25-34,Small Business,Low
CUST00140,2023-04-15,VA,55+,Premium,Low
CUST00141,2025-04-04,OH,18-24,Standard,High
CUST00142,2023-12-22,NY,55+,Standard,Low
CUST00143,2024-10-25,AZ,45-54,Standard,Medium
CUST00144,2023-04-19,CO,45-54,Standard,Low
CUST00145,2024-12-25,GA,35-44,Standard,Low
CUST00146,2024-09-22,PA,45-54,Premium,Low
CUST00147,2024-03-22,WA,25-34,Premium,Low
CUST00148,2025-04-30,PA,25-34,Small Business,Low
CUST00149,2025-02-07,IL,35-44,Standard,Low
CUST00150,2023-01-30,PA,25-34,Standard,Low
CUST00151,2023-12-30,CO,55+,Premium,Low
CUST00152,2024-12-19,GA,25-34,Premium,Low
CUST00153,2023-03-29,GA,25-34,Standard,Low
CUST00154,2024-12-08,PA,18-24,Standard,Medium
CUST00155,2023-04-06,TX,35-44,Standard,Low
CUST00156,2024-11-10,GA,35-44,Standard,Low
CUST00157,2024-03-11,WA,45-54,Small Business,Low
CUST00158,2023-10-05,NJ,25-34,Standard,Low
CUST00159,2023-11-20,OH,25-34,Standard,Low
CUST00160,2023-07-16,NJ,55+,Standard,Low
CUST00161,2025-02-17,NY,25-34,Standard,Low
CUST00162,2023-10-31,MA,55+,Standard,Low
CUST00163,2023-05-10,GA,35-44,Standard,High
CUST00164,2024-12-15,OH,45-54,Small Business,Low
CUST00165,2023-04-16,PA,45-54,Premium,Low
CUST00166,2024-03-27,FL,45-54,Standard,High
CUST00167,2023-04-27,NY,55+,Premium,Low
CUST00168,2024-10-06,OH,55+,Premium,Low
CUST00169,2023-11-08,GA,45-54,Standard,Low
CUST00170,2024-09-12,OH,55+,Standard,Low
CUST00171,2024-01-25,AZ,55+,Standard,Low
CUST00172,2024-03-15,NC,18-24,Standard,Low
CUST00173,2025-02-20,VA,18-24,Standard,Low
CUST00174,2023-06-10,CA,18-24,Standard,Low
CUST00175,2024-02-23,FL,18-24,Standard,Low
CUST00176,2023-08-26,AZ,45-54,Standard,Low
CUST00177,2023-03-14,OH,55+,Premium,Medium
CUST00178,2024-11-08,NY,55+,Premium,Low
CUST00179,2023-08-19,AZ,25-34,Standard,Medium
CUST00180,2023-03-15,NC,55+,Standard,Medium
CUST00181,2023-10-23,FL,45-54,Standard,Low
CUST00182,2023-10-06,NY,55+,Standard,Low
CUST00183,2023-02-10,NC,35-44,Premium,Medium
CUST00184,2023-01-27,AZ,55+,Standard,High
CUST00185,2024-08-24,VA,35-44,Small Business,High
CUST00186,2024-08-13,PA,55+,Standard,Medium
CUST00187,2024-10-29,NC,45-54,Standard,Low
CUST00188,2024-10-12,PA,35-44,Premium,High
CUST00189,2024-02-23,AZ,25-34,Standard,Low
CUST00190,2023-12-04,VA,45-54,Standard,Low
CUST00191,2025-04-13,NY,35-44,Premium,Low
CUST00192,2023-09-16,IL,55+,Standard,High
CUST00193,2025-04-24,GA,45-54,Small Business,Low
CUST00194,2024-02-28,NC,45-54,Standard,Low
CUST00195,2024-10-02,FL,55+,Standard,Low
CUST00196,2023-05-15,NJ,45-54,Small Business,Low
CUST00197,2023-05-05,OH,25-34,Standard,Low
CUST00198,2024-12-27,GA,45-54,Standard,Low
CUST00199,2023-04-06,NY,45-54,Standard,Medium
CUST00200,2023-05-01,CO,35-44,Standard,Low
CUST00201,2024-06-05,PA,45-54,Premium,Low
CUST00202,2023-09-07,TX,55+,Standard,Low
CUST00203,2024-06-04,NY,35-44,Premium,Low
CUST00204,2025-03-02,CO,55+,Premium,Low
CUST00205,2023-10-01,FL,55+,Premium,Low
CUST00206,2024-08-16,CA,45-54,Small Business,Low
CUST00207,2024-07-05,OH,55+,Standard,Low
CUST00208,2024-01-22,TX,25-34,Standard,Low
CUST00209,2024-08-08,IL,18-24,Standard,Medium
CUST00210,2023-11-22,OH,45-54,Premium,Medium
CUST00211,2024-01-31,VA,25-34,Small Business,Medium
CUST00212,2024-05-22,NC,35-44,Small Business,Low
CUST00213,2023-04-13,GA,45-54,Premium,Low
CUST00214,2023-01-16,VA,25-34,Premium,Low
CUST00215,2023-03-18,WA,55+,Standard,High
CUST00216,2024-12-10,WA,55+,Standard,Low
CUST00217,2024-01-25,CO,45-54,Small Business,Low
CUST00218,2024-07-08,VA,35-44,Standard,Low
CUST00219,2023-08-21,NY,18-24,Premium,Low
CUST00220,2024-03-30,MA,18-24,Standard,Low
CUST00221,2023-11-29,WA,45-54,Premium,Low
CUST00222,2023-05-30,VA,25-34,Standard,Low
CUST00223,2023-06-24,IL,55+,Standard,Low
CUST00224,2024-11-30,CA,25-34,Standard,Medium
CUST00225,2024-04-17,VA,18-24,Standard,Low
CUST00226,2025-04-03,GA,25-34,Standard,Low
CUST00227,2023-03-17,NC,35-44,Standard,Low
CUST00228,2024-10-16,PA,35-44,Small Business,Low
CUST00229,2023-07-23,NY,25-34,Small Business,Medium
CUST00230,2024-01-26,NJ,35-44,Standard,Low
CUST00231,2023-01-23,FL,18-24,Small Business,Low
CUST00232,2024-08-02,MA,55+,Premium,Medium
CUST00233,2025-02-02,FL,25-34,Standard,Medium
CUST00234,2024-09-13,TX,55+,Premium,Low
CUST00235,2023-09-14,VA,25-34,Premium,Medium
CUST00236,2024-10-05,MA,35-44,Standard,Low
CUST00237,2025-03-18,NJ,25-34,Standard,Low
CUST00238,2023-04-03,IL,25-34,Small Business,Low
CUST00239,2023-07-25,WA,55+,Standard,Low
CUST00240,2024-05-28,FL,45-54,Small Business,Medium
CUST00241,2025-04-05,OH,18-24,Standard,Medium
CUST00242,2024-04-24,TX,45-54,Small Business,Low
CUST00243,2025-04-03,IL,18-24,Standard,Low
CUST00244,2023-09-28,VA,35-44,Standard,Low
CUST00245,2024-08-21,WA,18-24,Standard,Low
CUST00246,2024-11-22,CO,55+,Standard,Low
CUST00247,2023-12-02,NY,45-54,Small Business,Low
CUST00248,2024-12-18,CA,18-24,Standard,Low
CUST00249,2023-02-08,NY,25-34,Standard,Low
CUST00250,2024-07-04,VA,55+,Standard,Low
CUST00251,2024-03-05,CO,45-54,Standard,Medium
CUST00252,2024-11-01,IL,35-44,Standard,Low
CUST00253,2023-02-03,PA,25-34,Premium,Low
CUST00254,2024-01-07,GA,35-44,Standard,Low
CUST00255,2023-03-04,NY,45-54,Standard,Low
CUST00256,2023-04-04,NC,18-24,Premium,Low
CUST00257,2023-02-21,CA,55+,Premium,Low
CUST00258,2023-07-30,TX,55+,Standard,Medium
CUST00259,2023-08-10,OH,25-34,Premium,Low
CUST00260,2025-03-18,AZ,25-34,Small Business,Low
CUST00261,2023-05-14,NY,18-24,Standard,Medium
CUST00262,2023-05-15,TX,55+,Standard,Medium
CUST00263,2023-11-28,CA,45-54,Standard,Low
CUST00264,2024-06-22,PA,35-44,Standard,Low
CUST00265,2024-06-09,TX,55+,Standard,Low
CUST00266,2023-02-14,VA,55+,Premium,Medium
CUST00267,2023-11-05,MA,45-54,Standard,High
CUST00268,2024-02-16,NJ,45-54,Standard,Low
CUST00269,2023-03-17,CA,18-24,Premium,Low
CUST00270,2023-05-10,GA,35-44,Standard,Low
CUST00271,2024-01-26,PA,55+,Small Business,Low
CUST00272,2024-09-11,NY,55+,Standard,Medium
CUST00273,2025-01-08,CO,25-34,Premium,Low
CUST00274,2024-02-28,IL,18-24,Standard,Low
CUST00275,2023-11-17,WA,25-34,Standard,Low
CUST00276,2024-12-04,AZ,18-24,Small Business,Low
CUST00277,2023-04-06,WA,25-34,Standard,Medium
CUST00278,2024-07-23,GA,35-44,Standard,High
CUST00279,2024-11-17,VA,45-54,Standard,Low
CUST00280,2025-01-08,FL,35-44,Standard,Low
CUST00281,2023-04-17,VA,45-54,Standard,Low
CUST00282,2023-08-18,GA,35-44,Premium,Low
CUST00283,2023-04-28,OH,45-54,Premium,Low
CUST00284,2024-07-28,NC,55+,Small Business,Medium
CUST00285,2023-01-27,NJ,35-44,Standard,Low
CUST00286,2023-01-30,FL,35-44,Standard,Medium
CUST00287,2023-12-26,NC,45-54,Standard,Medium
CUST00288,2023-03-13,MA,18-24,Standard,Low
CUST00289,2025-02-03,PA,35-44,Standard,Low
CUST00290,2023-06-11,OH,55+,Standard,Medium
CUST00291,2024-09-02,CA,55+,Standard,Low
CUST00292,2023-02-20,VA,45-54,Premium,Low
CUST00293,2024-05-12,TX,55+,Standard,Low
CUST00294,2023-04-27,VA,55+,Standard,Low
CUST00295,2024-05-13,TX,45-54,Standard,Low
CUST00296,2024-09-05,TX,25-34,Standard,Low
CUST00297,2025-02-21,MA,45-54,Standard,Low
CUST00298,2025-02-03,GA,25-34,Standard,Low
CUST00299,2024-05-27,WA,18-24,Standard,Low
CUST00300,2024-02-11,MA,45-54,Premium,Low
CUST00301,2023-03-21,NC,45-54,Premium,Low
CUST00302,2024-12-27,IL,18-24,Standard,Low
CUST00303,2023-11-29,PA,35-44,Standard,High
CUST00304,2023-04-01,IL,55+,Standard,Low
CUST00305,2024-02-15,FL,35-44,Standard,Low
CUST00306,2023-08-15,GA,18-24,Standard,Low
CUST00307,2024-06-27,WA,35-44,Standard,Medium
CUST00308,2025-01-14,CA,25-34,Small Business,Low
CUST00309,2023-04-16,NC,25-34,Standard,Low
CUST00310,2025-02-17,OH,45-54,Premium,Low
CUST00311,2024-04-20,PA,55+,Premium,Medium
CUST00312,2024-10-20,AZ,35-44,Standard,Low
CUST00313,2023-06-04,VA,35-44,Standard,Low
CUST00314,2025-03-26,GA,18-24,Standard,Low
CUST00315,2023-11-14,WA,35-44,Standard,Low
CUST00316,2023-03-20,NY,55+,Standard,High
CUST00317,2024-08-31,GA,18-24,Standard,Low
CUST00318,2024-04-05,TX,35-44,Small Business,Low
CUST00319,2024-09-11,MA,45-54,Standard,Low
CUST00320,2023-04-16,NJ,18-24,Premium,Medium
CUST00321,2024-05-31,NJ,45-54,Standard,Low
CUST00322,2024-03-25,WA,35-44,Standard,Low
CUST00323,2023-10-17,VA,55+,Standard,Medium
CUST00324,2023-02-23,NY,35-44,Premium,Low
CUST00325,2023-04-07,FL,55+,Standard,Low
CUST00326,2023-06-03,CA,35-44,Standard,Low
CUST00327,2023-11-14,IL,25-34,Small Business,Low
CUST00328,2024-09-01,GA,45-54,Premium,Low
CUST00329,2024-10-20,VA,55+,Premium,Medium
CUST00330,2023-04-06,WA,18-24,Standard,Low
CUST00331,2024-01-07,WA,45-54,Standard,High
CUST00332,2023-07-16,NY,35-44,Standard,Low
CUST00333,2025-03-18,AZ,55+,Standard,Medium
CUST00334,2023-02-08,NC,25-34,Premium,Medium
CUST00335,2024-09-03,AZ,55+,Standard,Low
CUST00336,2025-04-08,MA,45-54,Small Business,Medium
CUST00337,2024-01-09,PA,55+,Premium,Low
CUST00338,2023-10-19,TX,55+,Premium,Medium
CUST00339,2023-09-02,PA,25-34,Standard,Medium
CUST00340,2024-01-12,PA,45-54,Premium,Low
CUST00341,2025-02-26,GA,45-54,Standard,Low
CUST00342,2023-06-15,CA,35-44,Premium,Medium
CUST00343,2023-02-23,GA,18-24,Standard,Medium
CUST00344,2024-12-29,FL,18-24,Premium,Medium
CUST00345,2025-02-20,GA,25-34,Standard,Low
CUST00346,2025-04-30,TX,45-54,Standard,High
CUST00347,2023-12-24,IL,55+,Small Business,Low
CUST00348,2024-01-18,WA,25-34,Standard,High
CUST00349,2023-01-29,NJ,35-44,Standard,Low
CUST00350,2025-03-21,CO,45-54,Standard,Low
CUST00351,2024-12-13,PA,45-54,Premium,Medium
CUST00352,2024-09-22,FL,25-34,Standard,Low
CUST00353,2023-06-03,GA,45-54,Standard,Medium
CUST00354,2023-04-24,NY,18-24,Premium,Low
CUST00355,2023-09-02,PA,18-24,Standard,Medium
CUST00356,2023-04-24,GA,18-24,Premium,Low
CUST00357,2024-10-09,CA,35-44,Standard,Low
CUST00358,2024-03-15,NC,45-54,Standard,Low
CUST00359,2023-07-11,WA,18-24,Premium,Low
CUST00360,2024-06-22,GA,55+,Standard,Medium
CUST00361,2023-01-21,VA,45-54,Standard,Low
CUST00362,2024-01-18,OH,18-24,Standard,Low
CUST00363,2023-12-20,NY,55+,Standard,Low
CUST00364,2025-01-22,WA,55+,Premium,Low
CUST00365,2023-12-13,OH,45-54,Premium,Low
CUST00366,2024-12-13,CA,18-24,Standard,Low
CUST00367,2025-01-03,FL,25-34,Premium,Low
CUST00368,2023-02-14,WA,35-44,Premium,Medium
CUST00369,2024-06-11,PA,35-44,Standard,Medium
CUST00370,2023-02-07,WA,18-24,Premium,Low
CUST00371,2024-11-02,WA,45-54,Standard,Low
CUST00372,2024-02-14,IL,35-44,Premium,Medium
CUST00373,2023-07-11,CO,55+,Standard,Low
CUST00374,2023-10-01,NY,45-54,Premium,Medium
CUST00375,2024-09-08,FL,35-44,Small Business,Low
CUST00376,2023-04-16,FL,45-54,Standard,Low
CUST00377,2024-09-09,PA,35-44,Premium,Low
CUST00378,2024-04-02,WA,55+,Standard,Medium
CUST00379,2024-03-21,MA,18-24,Standard,High
CUST00380,2024-11-18,OH,25-34,Standard,Low
CUST00381,2023-02-01,OH,45-54,Standard,Low
CUST00382,2023-02-05,VA,35-44,Standard,Low
CUST00383,2024-01-06,NC,25-34,Standard,Low
CUST00384,2024-11-26,PA,18-24,Standard,Low
CUST00385,2024-08-10,WA,35-44,Standard,Low
CUST00386,2023-09-13,CA,45-54,Small Business,Low
CUST00387,2024-06-14,FL,35-44,Standard,Low
CUST00388,2024-12-21,FL,45-54,Standard,High
CUST00389,2023-07-24,PA,25-34,Standard,Medium
CUST00390,2024-12-31,VA,35-44,Standard,Low
CUST00391,2024-11-14,GA,35-44,Standard,Low
CUST00392,2023-11-04,CO,25-34,Premium,Medium
CUST00393,2025-03-23,TX,25-34,Standard,Low
CUST00394,2023-08-31,GA,55+,Premium,Low
CUST00395,2024-01-13,CA,55+,Standard,High
CUST00396,2023-03-30,NJ,45-54,Standard,Low
CUST00397,2024-06-22,NC,18-24,Standard,Low
CUST00398,2023-05-09,PA,45-54,Small Business,Low
CUST00399,2024-11-27,AZ,55+,Standard,Low
CUST00400,2024-10-17,CA,45-54,Standard,Medium
CUST00401,2024-05-29,NY,55+,Small Business,Low
CUST00402,2023-06-06,CO,25-34,Standard,Low
CUST00403,2023-12-21,FL,18-24,Small Business,Low
CUST00404,2023-09-14,FL,25-34,Standard,High
CUST00405,2024-10-02,GA,25-34,Standard,Low
CUST00406,2024-08-29,VA,55+,Small Business,Low
CUST00407,2025-01-07,CO,55+,Small Business,Low
CUST00408,2023-02-12,MA,55+,Premium,Low
CUST00409,2023-09-29,IL,55+,Premium,Medium
CUST00410,2024-10-16,GA,35-44,Standard,Medium
CUST00411,2024-10-19,OH,45-54,Small Business,Low
CUST00412,2023-11-01,CA,45-54,Standard,Low
CUST00413,2024-03-01,NC,25-34,Standard,Low
CUST00414,2023-11-17,AZ,35-44,Premium,Low
CUST00415,2024-02-13,GA,18-24,Standard,Low
CUST00416,2023-11-23,PA,25-34,Standard,Low
CUST00417,2023-05-25,IL,55+,Standard,Low
CUST00418,2024-03-04,CA,35-44,Standard,Medium
CUST00419,2024-08-14,CA,45-54,Premium,Low
CUST00420,2024-06-11,PA,18-24,Standard,Medium
CUST00421,2023-04-03,TX,25-34,Small Business,Low
CUST00422,2024-08-20,PA,55+,Standard,Low
CUST00423,2024-10-31,MA,18-24,Premium,Low
CUST00424,2024-03-17,WA,45-54,Standard,Low
CUST00425,2024-01-10,GA,25-34,Standard,Low
CUST00426,2024-01-07,GA,45-54,Standard,Low
CUST00427,2025-02-21,NC,55+,Standard,Medium
CUST00428,2023-05-02,WA,35-44,Standard,Low
CUST00429,2024-07-25,TX,55+,Small Business,Medium
CUST00430,2024-06-05,MA,25-34,Standard,Low
CUST00431,2024-12-31,PA,25-34,Standard,Low
CUST00432,2024-09-12,CO,55+,Premium,Low
CUST00433,2023-11-23,NJ,35-44,Standard,High
CUST00434,2024-08-30,GA,45-54,Standard,Medium
CUST00435,2024-12-26,MA,35-44,Standard,Low
CUST00436,2023-12-06,NC,35-44,Premium,High
CUST00437,2025-03-26,VA,18-24,Premium,Medium
CUST00438,2024-09-03,OH,55+,Standard,High
CUST00439,2024-08-14,PA,25-34,Standard,Low
CUST00440,2024-06-20,AZ,45-54,Standard,Low
CUST00441,2023-06-01,NC,18-24,Premium,Low
CUST00442,2023-07-15,CA,45-54,Standard,Low
CUST00443,2024-12-08,NC,45-54,Standard,Low
CUST00444,2025-01-23,GA,25-34,Premium,Medium
CUST00445,2024-07-28,GA,45-54,Standard,Low
CUST00446,2023-11-18,GA,35-44,Small Business,Low
CUST00447,2024-07-13,NJ,35-44,Standard,Medium
CUST00448,2024-09-16,FL,55+,Standard,High
CUST00449,2023-11-02,FL,35-44,Standard,High
CUST00450,2024-12-22,WA,45-54,Standard,Medium
CUST00451,2023-12-24,NJ,35-44,Standard,High
CUST00452,2023-10-22,IL,45-54,Standard,Low
CUST00453,2025-04-18,CA,35-44,Standard,Medium
CUST00454,2023-02-13,WA,45-54,Standard,Medium
CUST00455,2024-11-02,TX,55+,Standard,Low
CUST00456,2023-10-05,CA,18-24,Small Business,Low
CUST00457,2024-09-22,MA,55+,Premium,Low
CUST00458,2023-08-20,IL,35-44,Standard,Low
CUST00459,2025-01-04,CA,18-24,Standard,Low
CUST00460,2024-07-17,VA,45-54,Small Business,Low
CUST00461,2024-05-03,FL,35-44,Premium,Medium
CUST00462,2023-10-20,NY,55+,Standard,Medium
CUST00463,2023-08-26,CO,18-24,Standard,Medium
CUST00464,2023-06-29,CO,18-24,Standard,Medium
CUST00465,2024-02-11,NJ,35-44,Premium,Low
CUST00466,2023-02-08,NY,35-44,Standard,Low
CUST00467,2023-10-19,GA,45-54,Standard,Low
CUST00468,2023-05-18,TX,18-24,Premium,Low
CUST00469,2023-12-05,FL,25-34,Standard,Low
CUST00470,2023-01-15,NC,25-34,Premium,Medium
CUST00471,2023-06-29,IL,45-54,Standard,Low
CUST00472,2024-06-11,NY,25-34,Standard,Low
CUST00473,2023-05-24,MA,35-44,Standard,High
CUST00474,2024-01-28,WA,35-44,Standard,Medium
CUST00475,2024-08-19,VA,35-44,Premium,Low
CUST00476,2024-12-10,PA,35-44,Standard,Low
CUST00477,2023-06-13,CO,35-44,Standard,Low
CUST00478,2024-12-07,FL,35-44,Standard,Medium
CUST00479,2024-09-21,PA,25-34,Standard,High
CUST00480,2024-04-10,IL,55+,Premium,Low
CUST00481,2024-04-27,AZ,25-34,Premium,Medium
CUST00482,2025-02-19,AZ,18-24,Standard,Medium
CUST00483,2024-06-22,NY,55+,Standard,Medium
CUST00484,2023-04-25,GA,25-34,Standard,Low
CUST00485,2024-08-09,AZ,55+,Standard,Low
CUST00486,2024-03-28,NC,45-54,Standard,Low
CUST00487,2023-04-04,MA,45-54,Premium,Low
CUST00488,2023-05-16,MA,55+,Standard,Low
CUST00489,2024-04-18,MA,45-54,Premium,Low
CUST00490,2023-09-18,NC,18-24,Premium,Medium
CUST00491,2023-02-16,GA,18-24,Standard,Medium
CUST00492,2023-03-12,FL,45-54,Small Business,Low
CUST00493,2023-07-04,NJ,45-54,Premium,Medium
CUST00494,2024-01-19,AZ,45-54,Small Business,Low
CUST00495,2024-01-20,AZ,55+,Standard,High
CUST00496,2023-05-17,CA,55+,Premium,Low
CUST00497,2024-02-07,TX,18-24,Standard,Medium
CUST00498,2025-02-13,VA,55+,Standard,Low
CUST00499,2024-03-10,TX,45-54,Standard,Medium
CUST00500,2023-12-21,CO,18-24,Standard,Low
CUST00501,2023-02-02,OH,18-24,Premium,Low
CUST00502,2023-09-04,MA,45-54,Standard,Low
CUST00503,2024-09-04,TX,18-24,Premium,Medium
CUST00504,2024-02-16,OH,18-24,Standard,Low
CUST00505,2023-05-24,AZ,55+,Standard,Low
CUST00506,2023-11-23,AZ,35-44,Standard,Medium
CUST00507,2023-08-31,VA,55+,Standard,Low
CUST00508,2023-08-15,GA,55+,Standard,Low
CUST00509,2025-01-22,IL,55+,Small Business,Low
CUST00510,2024-05-22,VA,45-54,Standard,Low
CUST00511,2025-03-15,IL,25-34,Standard,Low
CUST00512,2023-11-04,PA,25-34,Standard,Medium
CUST00513,2023-08-19,OH,45-54,Standard,Medium
CUST00514,2023-03-01,GA,55+,Standard,High
CUST00515,2023-05-18,WA,18-24,Standard,Low
CUST00516,2024-04-05,NJ,25-34,Premium,Low
CUST00517,2023-02-22,NC,18-24,Standard,Low
CUST00518,2023-03-16,NJ,55+,Standard,Medium
CUST00519,2023-08-11,WA,35-44,Standard,Medium
CUST00520,2023-01-16,NJ,18-24,Standard,Low
CUST00521,2025-02-03,TX,55+,Small Business,Low
CUST00522,2024-12-21,GA,35-44,Standard,Medium
CUST00523,2025-03-05,VA,35-44,Standard,Low
CUST00524,2023-11-12,PA,45-54,Standard,Low
CUST00525,2023-04-11,OH,35-44,Premium,Medium
CUST00526,2023-07-28,NC,25-34,Standard,Low
CUST00527,2025-01-29,CO,55+,Standard,Low
CUST00528,2024-08-16,TX,35-44,Premium,Low
CUST00529,2023-08-24,PA,55+,Standard,Medium
CUST00530,2024-11-01,OH,45-54,Small Business,Low
CUST00531,2025-01-10,CA,35-44,Standard,Low
CUST00532,2023-06-23,CA,55+,Standard,Low
CUST00533,2024-10-19,AZ,18-24,Small Business,Low
CUST00534,2025-04-17,IL,25-34,Premium,Medium
CUST00535,2024-10-07,MA,25-34,Standard,Medium
CUST00536,2024-06-01,VA,55+,Standard,Low
CUST00537,2024-05-09,GA,55+,Premium,Low
CUST00538,2024-02-26,FL,55+,Standard,Low
CUST00539,2023-10-21,VA,45-54,Standard,Medium
CUST00540,2025-04-05,CO,18-24,Small Business,Low
CUST00541,2024-06-20,GA,35-44,Standard,Low
CUST00542,2025-04-14,NY,35-44,Standard,Medium
CUST00543,2024-02-20,NJ,25-34,Standard,Low
CUST00544,2023-11-04,VA,18-24,Premium,Medium
CUST00545,2023-04-06,PA,18-24,Standard,Low
CUST00546,2024-10-14,PA,45-54,Standard,Low
CUST00547,2024-10-22,AZ,18-24,Premium,Low
CUST00548,2024-06-24,CO,55+,Small Business,Low
CUST00549,2024-05-01,VA,35-44,Standard,Medium
CUST00550,2024-07-10,CO,35-44,Standard,Low
CUST00551,2023-01-17,OH,45-54,Small Business,Low
CUST00552,2023-03-20,NC,45-54,Standard,Low
CUST00553,2024-11-24,OH,25-34,Premium,Low
CUST00554,2025-03-20,GA,35-44,Small Business,Medium
CUST00555,2023-02-24,NY,35-44,Standard,Low
CUST00556,2024-09-11,IL,35-44,Premium,High
CUST00557,2023-01-31,PA,45-54,Standard,Medium
CUST00558,2023-08-22,IL,25-34,Standard,High
CUST00559,2024-11-27,OH,55+,Standard,Low
CUST00560,2023-10-30,NY,35-44,Premium,Medium
CUST00561,2023-06-07,CA,45-54,Standard,Medium
CUST00562,2023-11-21,FL,45-54,Standard,Low
CUST00563,2024-01-04,NY,25-34,Premium,Low
CUST00564,2024-03-17,IL,18-24,Standard,Low
CUST00565,2023-01-27,NC,55+,Standard,Low
CUST00566,2025-03-14,FL,45-54,Standard,Low
CUST00567,2024-02-02,GA,25-34,Premium,Medium
CUST00568,2024-08-08,CA,25-34,Standard,Low
CUST00569,2023-10-03,NY,25-34,Standard,Low
CUST00570,2024-03-21,OH,18-24,Standard,Low
CUST00571,2024-01-05,VA,45-54,Standard,Low
CUST00572,2024-08-31,CA,35-44,Standard,Low
CUST00573,2023-01-07,NC,45-54,Small Business,Low
CUST00574,2025-04-03,IL,55+,Premium,Low
CUST00575,2023-05-20,NJ,25-34,Standard,Low
CUST00576,2024-05-05,WA,35-44,Standard,High
CUST00577,2025-01-22,NC,25-34,Premium,Low
CUST00578,2023-11-30,IL,35-44,Standard,Medium
CUST00579,2023-04-27,GA,25-34,Small Business,Low
CUST00580,2024-11-29,NJ,45-54,Premium,Low
CUST00581,2024-12-26,AZ,18-24,Standard,Medium
CUST00582,2025-04-18,VA,45-54,Premium,Medium
CUST00583,2023-05-23,VA,25-34,Standard,Low
CUST00584,2025-01-02,PA,55+,Standard,Low
CUST00585,2024-05-05,CO,45-54,Standard,Low
CUST00586,2024-07-10,NJ,55+,Standard,High
CUST00587,2024-08-31,OH,25-34,Standard,Low
CUST00588,2024-11-04,NC,18-24,Premium,Low
CUST00589,2024-07-30,IL,35-44,Small Business,Low
CUST00590,2025-03-26,FL,25-34,Standard,Low
CUST00591,2024-06-06,NJ,55+,Premium,Low
CUST00592,2023-08-15,OH,55+,Standard,Low
CUST00593,2024-12-08,MA,45-54,Standard,Low
CUST00594,2023-04-18,NY,18-24,Standard,Medium
CUST00595,2025-01-17,PA,25-34,Standard,Low
CUST00596,2024-06-17,PA,45-54,Standard,Low
CUST00597,2023-11-23,NJ,18-24,Standard,Low
CUST00598,2023-01-24,VA,25-34,Premium,Low
CUST00599,2025-01-28,CA,35-44,Standard,Low
CUST00600,2024-07-27,OH,45-54,Standard,Low
CUST00601,2024-10-06,IL,45-54,Standard,Low
CUST00602,2023-01-30,PA,55+,Premium,Medium
CUST00603,2024-03-15,TX,35-44,Standard,Medium
CUST00604,2025-02-09,NC,18-24,Premium,Medium
CUST00605,2025-03-29,WA,25-34,Premium,Low
CUST00606,2024-04-13,PA,55+,Standard,Low
CUST00607,2024-10-16,IL,55+,Standard,Low
CUST00608,2023-04-27,NC,25-34,Standard,Medium
CUST00609,2025-04-13,CO,55+,Premium,Medium
CUST00610,2024-08-27,NY,25-34,Standard,Low
CUST00611,2023-11-09,CA,55+,Standard,Low
CUST00612,2024-02-02,IL,45-54,Standard,Low
CUST00613,2023-07-10,CO,25-34,Standard,Low
CUST00614,2024-07-22,CA,35-44,Standard,Low
CUST00615,2024-04-06,MA,45-54,Standard,Medium
CUST00616,2023-05-20,GA,55+,Standard,Low
CUST00617,2024-10-30,IL,45-54,Standard,Low
CUST00618,2024-05-15,OH,25-34,Standard,Low
CUST00619,2023-10-27,FL,25-34,Standard,Low
CUST00620,2025-03-10,OH,45-54,Standard,Medium
CUST00621,2024-07-16,FL,55+,Standard,Low
CUST00622,2025-04-23,OH,18-24,Small Business,Low
CUST00623,2025-02-17,IL,18-24,Premium,Low
CUST00624,2025-01-23,FL,18-24,Premium,Medium
CUST00625,2024-04-05,NY,45-54,Standard,Medium
CUST00626,2023-05-01,OH,55+,Premium,Low
CUST00627,2024-12-06,VA,45-54,Standard,Medium
CUST00628,2023-06-19,AZ,25-34,Standard,Medium
CUST00629,2025-04-04,FL,55+,Standard,Low
CUST00630,2024-07-05,FL,35-44,Standard,High
CUST00631,2024-08-09,CO,18-24,Standard,Medium
CUST00632,2023-05-19,CO,18-24,Small Business,Medium
CUST00633,2023-10-11,AZ,25-34,Premium,Low
CUST00634,2023-09-13,TX,45-54,Standard,Low
CUST00635,2024-05-16,VA,45-54,Standard,Low
CUST00636,2024-01-20,CO,18-24,Standard,Low
CUST00637,2024-02-17,CO,35-44,Standard,Low
CUST00638,2024-04-10,MA,18-24,Small Business,Low
CUST00639,2025-01-18,NJ,35-44,Small Business,Low
CUST00640,2023-03-06,IL,25-34,Premium,Low
CUST00641,2024-05-21,WA,55+,Standard,Medium
CUST00642,2024-08-14,OH,35-44,Standard,Medium
CUST00643,2024-11-29,VA,45-54,Premium,Low
CUST00644,2023-01-17,PA,45-54,Standard,Medium
CUST00645,2023-01-01,NJ,25-34,Small Business,Low
CUST00646,2024-10-27,CO,35-44,Standard,Medium
CUST00647,2023-04-06,WA,25-34,Premium,Low
CUST00648,2023-02-23,NJ,25-34,Standard,Low
CUST00649,2024-03-15,MA,25-34,Premium,Medium
CUST00650,2024-05-03,GA,45-54,Standard,Low
